model_name,pk,method name,calls count
vetdiseaseasinsource,3,save,2
publicationtype,1,save,1
publication,4,save,4
publication,2,save,13
publication,3,save,13
place,1,save,37
lexeme,1,save,17
lexeme,3,save,3
language,1,save,29
etymology,1,save,3
lexeme,2,save,18
transmissionmethod,1,save,11
publication,1,save,1
copyoforiginaltype,1,save,1
organisation,1,save,1
original,1,save,15
copyoforiginal,1,save,1
citation,1,save,25
user,4,save,28
diseaseasinsource,5,save,3
functioninsource,1,save,4
diseaseasinsource,9,save,1
lifeforminsource,1,save,1
lifeforminsource,2,save,1
lifeforminsource,3,save,4
picture,1,save,1
plant_depicted,1,save,1
plant,1,save,3
vetdiseaseasinsource,2,save,1
plantpartusedinsource,2,save,4
copyoforiginal,2,save,61
citation,24,save,4
usage,17,save,2
plantpart,1,save,5
plantpartusedinsource,1,save,4
medicinalform,1,save,3
ethnonym,1,save,3
usage,19,save,5
storage,1,save,3
lifeforminsource,11,save,6
plantpartusedinsource,10,save,6
usage,15,save,8
diseaseasinsource,1,save,3
lifeforminsource,10,save,6
plantpartusedinsource,9,save,6
usage,14,save,8
disease,1,save,3
lifeforminsource,8,save,4
plantpartusedinsource,7,save,4
usage,12,save,5
function,1,save,3
usage,1,save,9
citation,9,save,3
lifeforminsource,7,save,4
plantpartusedinsource,6,save,4
usage,11,save,5
citation,22,save,3
lifeforminsource,9,save,4
plantpartusedinsource,8,save,4
usage,13,save,5
publication,5,save,5
citation,25,save,3
usage,18,save,1
citation,35,save,3
usage,20,save,1
genre,1,save,1
user,2,save,7
plantpartusedinsource,3,save,4
usage,2,save,4
lifeforminsource,4,save,3
plantpartusedinsource,4,save,4
usage,7,save,4
lifeforminsource,5,save,3
plantpartusedinsource,5,save,4
usage,10,save,4
lifeforminsource,6,save,3
citation,26,save,2
citation,27,save,2
citation,28,save,2
citation,29,save,2
citation,30,save,2
citation,31,save,2
citation,32,save,2
citation,33,save,2
citation,34,save,2
