model_name,pk,method name,calls count
vetdiseaseasinsource,3,save,2
publicationtype,1,save,200
publication,4,save,119
publication,2,save,228
publication,3,save,46
place,1,save,1664
lexeme,1,save,274
lexeme,3,save,98
language,1,save,1262
etymology,1,save,36
lexeme,2,save,345
transmissionmethod,1,save,230
publication,1,save,406
copyoforiginaltype,1,save,964
organisation,1,save,442
original,1,save,978
copyoforiginal,1,save,406
citation,1,save,370
diseaseasinsource,5,save,36
functioninsource,1,save,36
diseaseasinsource,9,save,34
lifeforminsource,1,save,34
lifeforminsource,2,save,34
lifeforminsource,3,save,36
picture,1,save,68
plant_depicted,1,save,34
plant,1,save,36
vetdiseaseasinsource,2,save,34
plantpartusedinsource,2,save,36
copyoforiginal,2,save,522
citation,24,save,84
user,4,save,599
usage,17,save,49
plantpart,1,save,38
plantpartusedinsource,1,save,36
medicinalform,1,save,36
ethnonym,1,save,36
usage,19,save,66
storage,1,save,36
lifeforminsource,11,save,37
plantpartusedinsource,10,save,37
usage,15,save,66
diseaseasinsource,1,save,36
lifeforminsource,10,save,37
plantpartusedinsource,9,save,37
usage,14,save,66
disease,1,save,36
lifeforminsource,8,save,36
plantpartusedinsource,7,save,36
usage,12,save,64
function,1,save,36
usage,1,save,66
citation,9,save,84
lifeforminsource,7,save,36
plantpartusedinsource,6,save,36
usage,11,save,50
citation,22,save,98
lifeforminsource,9,save,36
plantpartusedinsource,8,save,36
usage,13,save,64
publication,5,save,132
citation,25,save,97
usage,18,save,62
citation,35,save,83
usage,20,save,48
genre,1,save,48
plantpartusedinsource,3,save,4
user,2,save,12
usage,2,save,4
lifeforminsource,4,save,4
plantpartusedinsource,4,save,4
usage,7,save,4
lifeforminsource,5,save,4
plantpartusedinsource,5,save,4
usage,10,save,4
lifeforminsource,6,save,4
citation,26,save,2
citation,27,save,2
citation,28,save,2
citation,29,save,2
citation,30,save,2
citation,31,save,2
citation,32,save,2
citation,33,save,2
citation,34,save,2
